category,content
fitness,"For better, fitness aim for 150 minutes of moderate exercise weekly, like brisk walking."
fitness,Incorporate strength training 2-3 times per week to build muscle.
fitness,Try 30 minutes of high-intensity interval training (HIIT) for cardiovascular health.
nutrition,A balanced diet includes 5 servings of fruits and vegetables daily.
nutrition,Include healthy fats like avocados and nuts for heart health.
nutrition,Limit added sugars to less than 10% of daily calories.
sleep,Get 7-9 hours of sleep nightly to improve recovery and focus.
sleep,Maintain a consistent sleep schedule to regulate your body clock.
sleep,Avoid screens 1 hour before bed to enhance sleep quality.
general,Hydration is keyâ€”drink 8 cups of water daily for overall health.
general,Practice mindfulness or meditation for 10 minutes daily to reduce stress.